"BC","TROPHIC","SAP","POLLUTION_TOLERANCE","OXYGEN","SALINITY","BAHLS","PandN","BENTHIC_SESTONIC","N_FIX","MOTILITY","SIZE","ACHNANTHIDIUM","ACHNANTHIDIDAE","BACILLARIACEAE","NAVICULA","STALKED","ADNATE","HIGHLY_MOTILE.1","ARAPHID","CENTRIC"
0.761664074650078,0.209564541213064,0.244556765163297,0.0439346811819596,0.213452566096423,0.304043545878694,0.143079315707621,0.257776049766719,0.992223950233282,0.993390357698289,0.997278382581649,0.76905132192846,0.0202177293934681,0.0789269051321928,0.110808709175739,0.100311041990669,0.0968118195956454,0.0688180404354588,0.531881804043546,0.108475894245723,0.0567651632970451
